005c86dd-t70f40-t92wi1-1qkeg.hkt.gotochinatown.net,3
010ece56-t6r5s0-thd0h1-1rz5s.hkt.gotochinatown.net,3
0312be33-t8pj40-t9zvpd-f1v1.hkt.gotochinatown.net,11
03199e4c-t6r5s0-tbnucr-1thfv.hkt.gotochinatown.net,24
04692757-t70f40-tk5ls1-z7a1.hkt.gotochinatown.net,3
051dabc5-t70f40-tlvq5w-1jcwu.hkt.gotochinatown.net,3
05372524-t70f40-tg8syu-1nyy5.hkt.gotochinatown.net,15
0677134a-t7zls0-tsddmg-1t0fu.hkt.gotochinatown.net,3
067accaf-t70f40-tbmeud-1th9y.hkt.gotochinatown.net,3
06c9d78c-t70f40-tcum62-se45.hkt.gotochinatown.net,15
07925bbe-t70f40-tpn98f-1rcxl.hkt.gotochinatown.net,3
09a4d4c8-t6r5s0-tcmtfl-1qudp.hkt.gotochinatown.net,3
0a023e52-t8pj40-tifnix-1ro8s.hkt.gotochinatown.net,22
0aca2d6c-t70f40-tct1rd-1o0ch.hkt.gotochinatown.net,15
0b0c6db6-t70f40-tbe46y-1la7v.hkt.gotochinatown.net,23
0bba3742-t8nog0-tlvq5w-1jcwu.hkt.gotochinatown.net,22
0ca4305f-t6r5s0-thv9l4-1jbj0.hkt.gotochinatown.net,3
0da0d02c-t70f40-t7j1ub-g3b3.hkt.gotochinatown.net,26
0e8cb90a-t70f40-tbdyji-ach1.hkt.gotochinatown.net,3
1.232.86.168,10
1.236.186.119,8
1.36.189.217,40
101.79.165.113,9
102.134.55.53,3
102.219.85.236,16
103.106.228.126,9
103.106.228.247,23
103.109.23.165,15
103.109.234.14,2
103.109.234.41,2
103.141.221.124,19
103.149.182.105,27
103.149.182.191,14
103.149.182.38,31
103.149.182.79,16
103.149.182.86,21
103.149.183.154,7
103.149.183.191,13
103.149.183.200,18
103.160.100.86,7
103.173.155.212,180
103.181.165.238,110
103.186.154.11,21
103.186.154.12,4
103.186.154.13,16
103.186.154.139,14
103.186.154.14,26
103.186.154.140,18
103.186.154.141,10
103.186.154.142,21
103.186.154.144,9
103.186.154.146,17
103.186.154.150,11
103.186.154.151,10
103.186.154.153,11
103.186.154.154,11
103.186.154.155,7
103.186.154.157,10
103.186.154.158,12
103.186.154.16,18
103.186.154.160,11
103.186.154.161,11
103.186.154.162,4
103.186.154.163,4
103.186.154.165,18
103.186.154.167,12
103.186.154.168,7
103.186.154.169,7
103.186.154.17,14
103.186.154.172,4
103.186.154.175,11
103.186.154.177,10
103.186.154.179,7
103.186.154.181,4
103.186.154.182,29
103.186.154.183,11
103.186.154.187,7
103.186.154.189,15
103.186.154.19,8
103.186.154.190,4
103.186.154.191,11
103.186.154.193,7
103.186.154.195,15
103.186.154.197,14
103.186.154.20,17
103.186.154.201,11
103.186.154.202,10
103.186.154.203,17
103.186.154.204,11
103.186.154.206,10
103.186.154.207,28
103.186.154.208,18
103.186.154.209,11
103.186.154.21,11
103.186.154.210,7
103.186.154.211,18
103.186.154.212,11
103.186.154.213,4
103.186.154.215,26
103.186.154.219,10
103.186.154.220,18
103.186.154.221,10
103.186.154.223,26
103.186.154.224,16
103.186.154.225,12
103.186.154.226,10
103.186.154.227,16
103.186.154.231,17
103.186.154.232,10
103.186.154.233,17
103.186.154.234,11
103.186.154.235,11
103.186.154.236,10
103.186.154.237,16
103.186.154.239,9
103.186.154.240,10
103.186.154.243,30
103.186.154.244,20
103.186.154.245,10
103.186.154.246,16
103.186.154.247,4
103.186.154.248,32
103.186.154.251,33
103.186.154.253,14
103.186.154.254,11
103.186.154.28,7
103.186.154.31,11
103.186.154.33,21
103.186.154.38,11
103.186.154.40,10
103.186.154.41,4
103.186.154.43,10
103.186.154.44,4
103.186.154.46,18
103.186.154.49,14
103.186.154.51,21
103.186.154.52,4
103.186.154.53,14
103.186.154.58,26
103.186.154.59,12
103.186.154.61,27
103.186.154.62,28
103.186.154.64,11
103.186.154.66,10
103.186.154.68,12
103.186.154.72,10
103.186.154.73,10
103.186.154.75,11
103.186.154.76,10
103.186.154.77,10
103.186.154.78,7
103.186.154.79,4
103.186.154.80,7
103.186.154.9,10
103.186.155.10,10
103.186.155.101,26
103.186.155.102,10
103.186.155.103,9
103.186.155.104,29
103.186.155.105,14
103.186.155.107,9
103.186.155.109,7
103.186.155.110,11
103.186.155.112,10
103.186.155.113,4
103.186.155.119,30
103.186.155.120,14
103.186.155.122,18
103.186.155.123,15
103.186.155.124,21
103.186.155.126,14
103.186.155.127,10
103.186.155.128,10
103.186.155.13,11
103.186.155.130,4
103.186.155.131,21
103.186.155.132,10
103.186.155.133,11
103.186.155.134,18
103.186.155.136,4
103.186.155.137,18
103.186.155.140,10
103.186.155.142,10
103.186.155.143,21
103.186.155.144,18
103.186.155.145,18
103.186.155.149,9
103.186.155.15,10
103.186.155.150,11
103.186.155.153,10
103.186.155.16,10
103.186.155.18,10
103.186.155.183,10
103.186.155.2,18
103.186.155.20,9
103.186.155.203,11
103.186.155.207,17
103.186.155.209,11
103.186.155.21,4
103.186.155.211,18
103.186.155.215,12
103.186.155.22,28
103.186.155.220,4
103.186.155.221,10
103.186.155.222,18
103.186.155.223,21
103.186.155.224,10
103.186.155.225,25
103.186.155.226,10
103.186.155.227,24
103.186.155.229,11
103.186.155.23,9
103.186.155.230,18
103.186.155.232,14
103.186.155.233,4
103.186.155.234,11
103.186.155.236,18
103.186.155.237,11
103.186.155.24,12
103.186.155.25,10
103.186.155.27,21
103.186.155.29,18
103.186.155.3,10
103.186.155.32,11
103.186.155.33,21
103.186.155.34,4
103.186.155.35,14
103.186.155.36,21
103.186.155.37,10
103.186.155.38,26
103.186.155.4,10
103.186.155.40,4
103.186.155.41,26
103.186.155.43,14
103.186.155.44,11
103.186.155.47,4
103.186.155.49,10
103.186.155.5,10
103.186.155.50,11
103.186.155.52,10
103.186.155.53,4
103.186.155.54,10
103.186.155.56,25
103.186.155.58,27
103.186.155.59,18
103.186.155.61,10
103.186.155.62,10
103.186.155.63,15
103.186.155.64,14
103.186.155.65,11
103.186.155.66,17
103.186.155.68,10
103.186.155.69,20
103.186.155.70,20
103.186.155.71,4
103.186.155.75,9
103.186.155.76,26
103.186.155.8,35
103.186.155.82,4
103.186.155.83,21
103.186.155.85,9
103.229.96.157,9
103.234.53.238,3
103.238.129.215,9
103.238.214.82,11
103.253.74.94,112
103.35.189.136,125
103.53.81.139,17
103.80.86.254,7
103.86.44.120,9
103.90.75.252,44
103.97.203.227,18
104.16.122.82,2
104.16.126.167,11
104.16.142.237,12
104.16.2.59,3
104.16.241.241,2
104.16.246.188,28
104.16.250.22,18
104.16.31.105,25
104.16.65.1,45
104.165.244.204,1
104.168.87.155,7
104.168.94.41,14
104.17.147.22,5
104.17.148.22,2
104.17.162.3,32
104.17.167.134,50
104.17.2.63,2
104.17.202.10,49
104.17.237.219,11
104.17.25.173,28
104.17.53.155,9
104.17.69.244,34
104.18.125.144,11
104.18.185.26,32
104.18.26.90,26
104.18.29.64,8
104.18.36.0,2
104.18.40.176,11
104.18.41.51,50
104.19.113.54,10
104.19.173.145,25
104.19.205.122,11
104.19.212.207,15
104.19.220.22,81
104.19.39.97,10
104.19.49.192,51
104.19.55.205,45
104.19.81.75,10
104.196.250.34,10
104.21.224.5,8
104.21.227.134,19
104.21.233.186,1
104.21.3.219,30
104.21.71.83,8
104.224.181.22,10
104.24.158.194,10
104.24.47.80,10
104.24.87.93,10
104.244.79.140,7
104.248.203.234,32
104.25.124.98,10
104.26.1.110,57
104.26.6.89,56
104.27.29.194,10
106.245.165.137,10
107.174.114.71,2
107.174.82.102.sslip.io,72
107.175.6.29,180
108.162.193.217,6
108.162.194.99,3
108.162.198.185,62
108.181.14.35,11
109.120.138.201,2
109.120.186.9,1
109.120.188.87,8
109.122.197.47,1
109.122.244.72,2
109.234.211.66,35
109.248.203.71,54
109.248.222.151,60
109.61.109.135,24
109.61.39.150,33
110.12.52.95,10
111.118.118.177,19
111.47.247.196,7
112.118.116.123,56
112.118.116.8,53
112.185.223.152,19
112.213.102.188,11
113.192.61.19,160
116.206.93.131,3
116.80.44.144,87
116.93.199.28,9
117.50.80.157,17
11874343-t70f40-t7udc0-1pqhp.hkt.gotochinatown.net,3
119.147.193.224,39
120.198.71.187,17
120.232.217.4,12
121.127.46.147,4
121.133.10.176,10
121.159.68.210,9
121.165.101.69,19
121.169.46.116,81
121.170.203.147,20
121.170.203.148,13
121.170.249.21,17
121.175.77.73,9
122.248.205.111,37
125.135.43.66,9
125.141.26.12,11
125.141.26.14,7
125.141.26.15,26
125.141.31.100,11
125.141.31.75,34
125.141.31.76,3
128.241.251.81,17
129.146.22.121,9
129.150.49.58,9
129.151.115.91,96
129.151.251.122,36
129.153.71.226,8
129.154.202.229,9
129.154.223.89,9
129.154.54.67,9
13.113.239.128,4
13.113.82.98,16
13.114.175.199,12
13.114.27.223,3
13.115.1.198,21
13.115.111.129,20
13.158.131.92,9
13.231.130.241,11
13.231.188.173,60
13.231.208.147,17
13.231.60.99,9
13.36.126.131,2
13.37.129.152,4
13.37.158.14,9
13.37.208.102,1
13.37.84.77,1
13.38.197.7,4
13.38.207.254,3
13.39.126.133,2
13.39.131.176,3
13.39.154.102,5
13.39.29.241,1
13.39.97.24,5
130.162.130.105,9
130.185.144.78,10
130.193.35.232,42
130.49.179.23,58
131.186.17.132,9
131.186.18.212,9
131.186.22.50,9
131.186.26.129,9
132.145.127.203,18
132.145.88.82,9
132.226.21.116,9
134.122.88.125,2
134.195.137.107,12
134.209.206.135,5
134.209.25.162,61
134.209.31.137,2
135.125.10.106,68
135.125.204.154,48
135.125.245.131,80
135.125.247.29,71
135.148.82.248,28
135.84.73.238,39
1357900.xyz,31
136.0.41.79,34
137.131.149.26,36
138.124.14.37,1
138.124.70.206,4
138.197.234.185,21
138.2.10.149,9
138.2.10.217,9
138.2.122.197,9
138.2.235.230,9
138.2.32.76,9
138.2.37.59,10
138.2.39.24,9
138.2.48.109,9
138.2.5.136,9
138.2.59.96,9
138.2.89.238,9
138.249.117.30,46
138.3.222.124,9
139.144.199.41,15
139.28.96.83,14
139.84.163.149,9
14.17.71.67,18
14.18.106.88,4
14.new.sahanwickramasinghevip.shop,1
140.174.186.5,11
140.174.52.97,24
140.238.247.224,36
140.238.37.103,9
140.245.53.45,9
140.245.68.133,101
140.83.57.20,9
140.83.59.158,9
140.83.83.65,9
141.101.120.143,10
141.101.122.17,2
141.147.144.15,9
141.147.147.180,9
141.147.152.229,9
141.147.159.250,9
141.147.162.24,9
141.148.246.181,60
141.193.213.21,3
141.193.213.238,10
141.227.160.17,2
141.227.160.187,1
141.227.160.195,5
141.227.168.175,2
141.227.168.183,1
141.95.101.202,69
141.95.101.9,86
141.95.102.29,26
141.95.104.145,78
141.95.104.30,81
141.95.105.216,69
141.95.105.96,69
141.95.106.215,71
141.95.109.160,48
141.95.109.94,84
141.98.101.178,11
141.98.169.101,20
142.249.37.55,9
142.91.106.176,14
142.93.33.103,28
143.20.213.100,19
143.42.4.34,9
143.47.237.215,8
143.47.32.143,36
144.124.228.129,32
144.124.240.217,7
144.126.158.195,37
144.126.230.207,88
144.217.164.29,122
144.24.101.176,163
144.24.181.150,30
144.24.73.232,9
144.24.84.212,9
144.24.87.69,9
144.24.90.107,9
144.31.125.83,41
144.31.125.86,32
144.31.3.39,2
144.31.5.142,24
144.31.5.179,13
144.31.84.76,4
145.239.29.74,40
145.239.29.93,15
145.241.187.70,96
145.249.109.108,35
145.249.109.144,37
145.249.109.184,37
146.0.74.104,17
146.103.100.160,24
146.19.230.209,3
146.19.230.217,4
146.19.230.219,4
146.19.230.221,4
146.19.230.222,7
146.19.230.224,4
146.19.230.83,4
146.190.89.69,11
146.56.140.79,9
146.56.164.36,68
146.56.182.217,9
146.56.42.21,9
146.56.48.138,9
146.56.99.22,9
146.75.119.82,55
147.135.77.6,79
147.135.78.88,42
147.182.229.237,10
148.113.138.47,66
148.113.143.102,68
148.113.43.228,9
148.135.195.220,7
149.102.144.110,66
149.102.144.88,28
149.104.30.91,5
149.28.158.103,9
14ff4864-t4x400-tcjtj6-d70y.la.shifen.uk,163
15.157.66.237,16
15.188.100.75,8
15.188.244.223,5
15.188.37.49,1
15.204.247.49,4
15.204.28.84,77
15.204.74.40,68
15.204.97.146,74
15.204.97.148,30
15.204.97.149,99
15.204.97.155,46
15.204.97.159,42
15.204.97.160,19
15.204.97.164,30
15.204.97.167,50
15.204.97.168,84
15.204.97.169,86
15.204.97.172,95
15.204.97.175,87
15.204.97.176,82
15.204.97.177,57
15.204.97.197,29
15.204.97.198,91
15.204.97.214,87
15.204.97.226,45
15.224.1.8,11
15.224.11.77,3
15.224.12.64,6
15.224.7.85,8
15.224.8.186,4
15.236.102.248,20
15.236.107.136,4
15.236.125.108,12
15.236.181.101,1
15.236.28.119,1
15.236.45.23,7
15.236.57.222,2
15.237.171.88,4
15.237.21.253,10
15.237.246.157,16
150.230.214.172,9
150.230.5.34,9
150.230.59.15,9
151.101.194.219,6
151.101.195.8,11
151.101.3.8,29
151.115.96.243,14
151.242.251.131,16
152.114.193.158,6
152.42.185.230,50
152.53.228.15,4
152.67.197.197,9
152.67.209.237,9
152.67.211.114,9
152.67.50.33,96
152.67.95.183,57
152.69.192.40,9
152.69.199.70,9
152.69.220.212,68
152.69.229.175,9
152.70.75.80,9
152.70.76.104,9
152.70.82.101,9
152.70.92.69,46
153.121.38.213,66
153.121.39.240,39
153.121.44.99,73
153.121.45.101,9
153.121.45.139,32
153.121.51.29,28
153.121.53.187,10
153.121.65.107,31
153.121.67.215,12
154.17.22.207,3
154.17.228.219,6
154.17.237.42,3
154.17.26.214,3
154.197.75.238,9
154.205.134.251,57
154.205.139.9,65
154.205.145.195,36
154.205.145.37,80
154.205.147.105,20
154.205.147.166,19
154.205.147.237,9
154.205.148.202,88
154.205.152.64,56
154.205.154.184,3
154.205.154.200,62
154.21.87.182,3
154.21.89.25,5
154.211.8.58,7
154.26.132.38,64
154.26.156.99,106
154.26.185.161,3
154.26.185.91,3
154.26.186.159,3
154.26.188.178,5
154.26.189.211,14
154.29.157.189,7
154.29.157.225,7
154.38.116.8,29
154.44.0.210,10
154.44.14.244,10
154.53.34.27,10
154.53.38.145,81
154.7.181.215,3
154.90.60.117,10
156.146.38.167,3
156.230.12.71,9
156.244.19.94,59
156.244.20.53,38
156.244.36.105,38
156.244.6.115,9
156.245.232.15,21
156.253.5.132,4
157.173.127.227,27
157.180.120.194,14
158.101.11.204,17
158.101.131.94,9
158.101.146.3,18
158.101.152.6,9
158.101.195.184,4
158.101.208.130,4
158.101.77.33,9
158.101.80.84,9
158.160.135.161,12
158.160.189.247,31
158.160.191.241,12
158.160.197.118,34
158.160.201.80,77
158.160.53.57,9
158.178.229.178,9
158.178.236.104,16
158.179.18.251,16
158.180.72.60,9
158.180.77.90,63
158.180.88.43,3
158.220.80.123,82
158.41.110.234,37
159.223.205.136,9
159.223.68.162,3
159.54.165.141,10
159.69.246.134,4
159.89.87.21,13
16.163.104.139,11
16.163.98.169,12
16.52.164.13,7
160.153.136.238,19
160.16.106.144,9
160.16.106.99,8
160.16.107.37,40
160.16.116.227,34
160.16.117.182,21
160.16.124.55,22
160.16.130.66,11
160.16.131.243,11
160.16.132.158,20
160.16.136.130,11
160.16.138.24,54
160.16.144.208,92
160.16.150.76,61
160.16.151.196,3
160.16.153.13,26
160.16.196.59,63
160.16.204.136,7
160.16.212.152,12
160.16.214.6,9
160.16.223.205,14
160.16.227.93,9
160.16.229.223,9
160.16.233.76,18
160.16.236.32,3
160.16.242.183,15
160.16.57.238,25
160.16.63.16,54
160.16.68.250,67
160.16.70.180,42
160.16.72.33,59
160.16.81.84,30
160.16.82.24,16
160.16.85.33,4
160.16.87.174,67
160.16.89.176,38
160.30.4.61,9
161.132.51.133,16
161.153.219.158,30
161.248.63.15,23
161.35.199.38,2
162.159.128.253,16
162.159.16.63,39
162.159.24.131,55
162.159.254.137,9
162.159.4.135,41
162.159.44.142,79
162.159.45.232,81
162.19.228.25,17
162.19.254.180,10
162.220.13.14,9
162.55.187.121,9
163.171.115.28,70
163.171.137.66,16
163.171.137.72,79
163.171.148.71,83
163.171.181.29,68
163.171.181.30,86
163.171.207.11,57
163.171.213.46,73
164.38.155.61,2
164.52.2.98,9
165.227.234.8,2
166.62.106.238,10
166.88.141.75,10
166.88.159.58,9
166.88.164.9,37
167.17.179.197,30
167.17.185.172,41
167.17.185.228,13
167.17.70.117,5
167.17.70.16,6
167.172.239.171,22
167.172.83.42,19
167.179.110.68,9
167.234.255.2,27
167.68.4.199,15
167.71.128.209,1
167.71.60.160,9
167.82.92.0,3
168.126.234.233,14
168.126.234.247,14
168.138.189.91,9
168.138.192.16,9
168.138.46.115,9
168.138.46.67,9
168.138.51.8,9
168ec8b9-t70f40-tiqsce-t6fv.hkt.gotochinatown.net,14
169.150.242.77,63
16e189b9-t70f40-td1l1t-1s824.hkt.gotochinatown.net,15
170.9.63.232,9
1705844e-t70f40-tcinla-hrtf.hkt.gotochinatown.net,14
171.22.120.205,1
1713846f-t70f40-t9eu8q-tlhh.hkt.gotochinatown.net,13
172.234.130.82,9
172.237.74.36,52
172.238.229.254,112
172.64.144.144,10
172.64.144.16,10
172.64.144.169,10
172.64.144.235,10
172.64.145.38,1
172.64.145.67,10
172.64.146.113,10
172.64.146.194,10
172.64.146.217,10
172.64.146.249,10
172.64.147.2,10
172.64.147.71,10
172.64.148.110,5
172.64.229.10,11
172.64.229.108,10
172.64.229.131,10
172.64.229.15,10
172.64.229.150,10
172.64.229.169,15
172.64.229.2,25
172.64.229.205,51
172.64.229.21,10
172.64.229.3,10
172.64.229.33,13
172.64.229.39,10
172.64.229.44,10
172.64.229.5,10
172.64.229.55,1
172.64.229.6,13
172.64.229.64,12
172.64.229.65,25
172.64.229.7,10
172.64.229.75,10
172.64.229.82,23
172.64.229.83,10
172.64.34.99,2
172.64.35.193,11
172.64.49.11,25
172.64.53.226,56
172.64.79.60,16
172.66.156.81,6
172.66.40.99,8
172.67.134.185,23
172.67.148.50,10
172.67.155.121,10
172.67.180.227,25
172.67.79.235,7
173.244.56.6,12
173.245.59.254,14
174.136.231.115,170
174.35.123.165,11
175.197.237.36,17
176.108.242.76,12
176.108.246.233,3
176.109.105.79,9
176.109.109.58,8
176.123.164.110,9
176.126.83.121,7
176.32.34.195,5
176.97.219.103,7
176.98.178.184,12
178.128.245.151,10
178.128.59.95,3
178.128.86.3,9
178.130.46.148,23
178.154.202.196,4
178.154.205.131,31
178.17.53.28,33
178.173.250.47,103
178.22.31.68,2
178.239.124.30,67
178.250.187.3,24
179.61.138.124,9
18.156.101.11,2
18.158.123.141,3
18.158.245.65,4
18.159.100.2,2
18.159.236.207,1
18.162.123.56,11
18.162.244.22,7
18.163.194.227,11
18.163.206.7,4
18.163.28.248,12
18.166.223.179,18
18.167.99.12,20
18.177.141.4,7
18.177.146.37,20
18.179.20.173,14
18.181.195.198,11
18.182.16.254,10
18.183.82.133,10
18.184.16.207,3
18.185.153.96,16
18.193.218.121,11
18.193.238.117,1
18.194.50.87,5
18.196.24.56,8
18.198.145.155,8
180.149.44.106,20
180.149.44.70,44
181.214.231.121,124
181.214.99.162,60
183.236.51.36,63
185.109.21.54,55
185.113.10.193,1
185.123.101.64,99
185.130.114.219,72
185.130.114.253,53
185.135.9.238,10
185.138.164.228,4
185.138.164.6,4
185.143.233.235,9
185.146.173.185,4
185.153.197.5,16
185.163.1.90,42
185.170.154.39,24
185.177.238.40,10
185.177.238.57,3
185.177.238.99,1
185.18.222.208,9
185.181.10.175,38
185.181.10.186,88
185.189.160.105,10
185.193.48.157,3
185.198.58.185,115
185.201.226.135,5
185.213.23.63,90
185.218.204.203,1
185.218.3.39,28
185.218.3.9,18
185.227.108.44,14
185.231.205.152,4
185.231.233.112,27
185.234.57.169,61
185.234.57.207,28
185.235.241.117,79
185.235.241.122,5
185.235.241.127,1
185.235.241.129,1
185.235.241.130,2
185.235.241.132,18
185.235.241.154,5
185.235.241.157,2
185.235.241.40,18
185.235.241.53,40
185.235.241.56,2
185.235.241.58,26
185.235.241.95,29
185.235.241.97,1
185.235.241.99,58
185.241.41.128,115
185.244.208.150,84
185.251.80.0,5
185.251.89.26,36
185.36.192.228,18
185.39.204.27,1
185.40.153.254,43
185.5.206.214,2
185.7.240.238,10
185.72.144.43,11
185.77.231.80,54
185.92.183.112,63
185.94.29.46,9
185.99.96.64,5
188.114.97.138,11
188.114.98.224,12
188.244.122.238,19
188.253.16.31,7
188.253.21.106,12
188.34.193.153,54
189f87a1-t6r5s0-tcop2n-tl32.hkt.gotochinatown.net,36
190.93.246.191,25
192.144.57.132,36
192.161.60.13,1
192.193.104.25,9
192.227.153.124,7
192.248.180.48,23
192.3.111.133,9
192.36.27.94,11
192.71.166.100,10
192.71.218.46,4
192.9.135.182,10
192.9.165.40,37
193.108.112.6,11
193.122.107.234,9
193.122.114.82,9
193.122.126.64,9
193.123.161.116,9
193.123.253.225,9
193.123.76.141,28
193.123.76.84,33
193.135.174.135,128
193.142.59.41,163
193.203.203.66,125
193.23.197.183,24
193.233.254.7,59
193.246.161.65,9
193.29.139.141,10
193.29.139.150,2
193.29.139.151,2
193.29.139.188,10
193.29.139.190,2
193.29.139.202,10
193.29.139.204,76
193.29.14.197,115
193.32.176.97,2
193.43.104.125,35
193.43.104.64,34
194.107.126.20,19
194.113.73.136,12
194.116.173.21,11
194.127.193.240,9
194.150.166.134,2
194.233.73.51,73
194.246.114.101,27
194.38.23.137,36
194.58.38.67,17
194.59.183.1,18
194.60.133.108,2
194.76.137.229,7
194.87.219.24,59
195.133.5.38,14
195.154.119.77,4
195.2.76.224,70
195.238.240.20,1
195.58.49.100,11
195.7.6.160,76
195.78.49.158,12
196.196.192.58,3
196.240.57.74,32
196.245.238.34,63
198.105.123.152,9
198.244.141.25,20
198.244.149.86,45
198.41.208.234,24
198.41.211.79,11
198.50.119.86,56
198.98.48.110,3
199.119.137.77,11
199.241.32.132,9
1b19c1f0-t70f40-thv9l4-1jbj0.hkt.gotochinatown.net,3
1c13c28a-t8nog0-thntyd-1f596.hkt.gotochinatown.net,11
1d1a8655-t70f40-tkhmfr-1jm8i.hkt.gotochinatown.net,14
1d4e3b3b-t6ngg0-tedirp-1fli7.us.hyhuawei.com,160
1da2ae9d-t70f40-tao3bn-ggww.hkt.gotochinatown.net,15
1df94287-t70f40-t7k911-1gxvd.hkt.gotochinatown.net,11
1e55ac41-t6r5s0-tiuylw-46gc.hkt.gotochinatown.net,3
1eca9439-t6r5s0-taklwz-12bd.hkt.gotochinatown.net,25
1f82a55e-t70f40-tb016b-1m7l4.hkt.gotochinatown.net,3
1fd3ae26-t8nog0-tpftcp-13x18.hkt.gotochinatown.net,11
1fe44ff6-t6r5s0-tasftf-duku.hkt.gotochinatown.net,3
2.56.178.73,24
2.56.242.210,7
20.235.105.146,9
20.247.137.183,9
2001:bc8:1640:50eb:dc00:ff:fe57:dd6f,34
2001:bc8:32d7:302::10,7
2001:bc8:32d7:302::11,34
2001:df4:1840:115::a,67
202.122.145.125,30
202.181.103.235,18
202.181.103.246,75
202.182.116.249,9
202.182.96.235,7
202.61.254.159,9
202.85.53.179,3
2021ed74-t70f40-tan99f-1rdqg.hkt.gotochinatown.net,14
203.137.166.120,9
203.198.84.221,50
203.23.128.33,10
203.234.238.140,20
203.234.238.147,13
203.27.106.148,16
203.32.26.157,10
203.69.248.40,10
206.189.20.193,37
206.245.157.142,63
206.71.158.23,226
206.71.158.37,1083
206.71.158.40,211
206.71.158.41,227
207.154.234.140,2
207.244.226.239,88
208.103.161.32,2
208.103.161.33,2
208.67.106.73,55
208.69.78.5,2
208.87.243.187,32
209.126.8.72,28
209.141.35.23,180
209.38.218.66,1
209.38.52.51,23
209.94.61.155,12
209.97.189.8,10
210.217.18.68,14
210.217.18.69,33
210.217.18.70,21
210.231.178.90,9
210.61.97.241,5
211.106.184.129,14
211.219.241.28,9
211.48.77.114,9
212.127.78.119,16
212.134.174.249,10
212.192.15.59,20
212.193.18.144,67
212.233.89.104,21
212.34.145.199,38
212.56.42.207,10
212.80.206.94,7
213.108.198.123,123
213.165.60.36,25
213.202.208.199,86
213.35.108.135,9
216.105.168.18,36
216.144.231.96,1
216.167.107.61,7
216.167.26.220,20
216.250.97.82,18
216.9.225.97,7
217.12.40.76,3
217.13.104.134,8
217.142.138.61,9
217.142.236.93,9
217.16.16.251,16
217.16.20.193,4
217.16.23.39,3
217.16.24.53,11
217.16.26.52,8
217.198.13.50,10
217.60.2.58,34
217.60.243.59,1
217.60.249.112,4
217.60.63.96,18
217.77.3.68,79
218.234.149.9,10
218.38.103.150,27
218.50.149.114,15
219.76.13.166,9
219.76.13.167,9
219.76.13.177,9
220.130.58.136,29
220.77.18.195,11
220.83.131.149,9
221.125.10.8,9
221.139.79.20,21
221.139.79.41,21
221.139.79.57,20
221.139.87.28,9
221.150.109.19,11
221.150.109.20,10
221.150.109.22,40
221.150.109.89,21
221.150.109.90,24
221.150.109.92,26
221.161.207.216,19
221.162.183.106,9
222.102.51.111,57
222.112.15.140,11
222.112.15.141,10
222.112.15.144,21
222.97.1.10,9
223.16.138.113,27
223.95.183.132,8
22480a39-t70f40-tnjsrz-h8vf.hk1.hyhuawei.com,160
227fd503-t4ssg0-t5vo4i-4550.la.shifen.uk,63
22f48047-t6pb40-tasftf-duku.hk1.hyhuawei.com,160
22f6f969-t70f40-tkp3tl-1s09x.hkt.gotochinatown.net,14
23.105.199.91,10
23.138.148.47,11
23.227.38.33,8
23.26.156.219,4
23.81.33.188,7
23.88.107.190,10
23.94.175.162,17
23.95.189.91,10
2401:7fa0:1:1::7852:df69,51
2493a82a-t6r5s0-t7pjgr-11p9g.hkt.gotochinatown.net,3
25.129.197.138,21
25.25.25.0,9
256a53b2-t8pj40-tm3dx0-1r9dt.hkt.gotochinatown.net,11
2605:6400:10:322:8260:741c:48d7:1454,3
2605:6400:20:dfe:9dab:7f3:dabf:de28,180
2605:8340:0:a:76f4:2347:4c0c:1,115
2606:6680:1:1::ab5f:27b7,48
2606:fc40:1:32::a,3
27.255.82.134,14
27.255.82.135,28
27.50.48.206,8
2712f088-t8nog0-tnqudu-1mim2.hkt.gotochinatown.net,11
27703551-t70f40-tnt75r-1k8ga.hkt.gotochinatown.net,3
2859af40-t70f40-tdh9w7-ahsb.hkt.gotochinatown.net,3
28c4e571-t70f40-t76x2i-wj6v.hkt.gotochinatown.net,15
28f3af24-t81gg0-tsddmg-1t0fu.hkt.gotochinatown.net,15
293beaf2-t8nog0-tk4rx8-1n7d9.hkt.gotochinatown.net,22
2a0c:4ac1:8::121,34
2a0ec9d9-t70f40-t9hghw-1sdoq.hkt.gotochinatown.net,15
2a0f:5707:aaf1:4d5b::1,34
2a0f:5707:aaf1:8453::1,34
2a0f:5707:aaf1:c427::1,34
2a14:3f87:f001:13::a,34
2a14:3f87:f001:1a::a,34
2a14:3f87:f001:9::a,34
2a14:4900:2206:c61::61,3
2a249690-t6r5s0-tcq5zn-19qpt.hkt.gotochinatown.net,14
2a2cb25f-t70f40-t8hh31-amya.hkt.gotochinatown.net,3
2a8b036d-t6r5s0-t7enwo-1f1f1.hkt.gotochinatown.net,11
2b3545df-t6r5s0-tdfzix-fm2v.hkt.gotochinatown.net,15
2ba4eb78-t6r5s0-taxf6m-ieln.hkt.gotochinatown.net,24
2bb9ebed-t70f40-t7hsj2-1gevg.hkt.gotochinatown.net,3
2bce9238-t8aps0-tsddmg-1t0fu.hkt.gotochinatown.net,3
2be20245-t70f40-t82luq-mv7m.hkt.gotochinatown.net,3
2cdfba7a-t70f40-t9lc3n-z93q.hkt.gotochinatown.net,15
2ce6219a-t6r5s0-tiaexf-ufc0.hkt.gotochinatown.net,36
2eb3ab7d-t6hwg0-t7xcfs-1ldl3.hkt.gotochinatown.net,3
2f3f0883-t6wps0-tifnix-1ro8s.hkt.gotochinatown.net,25
2fdb089e-t8nog0-tcr97d-2b2n.hkt.gotochinatown.net,11
2k.taptop.shop,11
3.112.16.3,15
3.112.233.197,15
3.112.254.143,9
3.112.30.103,3
3.112.42.86,21
3.112.45.28,10
3.112.5.63,9
3.112.71.26,9
3.113.31.15,7
3.120.110.223,1
3.123.107.30,1
3.124.233.233,2
3.126.96.173,2
3.127.180.68,3
3.143.235.221,10
3.38.169.28,16
3.66.94.128,18
3.72.120.152,2
3.72.188.172,5
3.73.224.140,14
3.75.180.49,37
3.78.3.121,1
300.shecanmarket.com,9
30k.zipzoop.shop,2
31.172.69.16,9
31.25.88.229,9
31.56.146.42,43
31.57.158.131,1
31.57.29.155,1
320ede8b-t70f40-tfi5fd-1imi4.hkt.gotochinatown.net,24
32a9123b-t7vwg0-0-1t0fu.hkt.gotochinatown.net,3
34.143.159.175,37
347adbbc-t70f40-tbicd9-1go3q.hkt.gotochinatown.net,13
35.156.118.52,5
35.157.252.71,2
35.158.205.73,9
35.180.13.228,4
35.180.171.33,7
35.180.172.53,16
35.180.247.200,7
35.180.5.69,12
35.180.77.112,9
35.181.195.29,2
35.181.206.99,10
35.181.241.61,1
356f5153-t70f40-toa9ad-4w8.hkt.gotochinatown.net,3
35977431-t6r5s0-tc2sod-1tizo.hkt.gotochinatown.net,14
365083fc-t8lts0-t8zdpa-1swry.hkt.gotochinatown.net,11
37.0.6.46,12
37.151.92.38,6
37.16.74.124,4
37.18.14.169,163
37.19.198.236,21
37.202.200.19,17
37.221.125.38,25
37.59.112.73,35
37.59.217.227,15
37.9.54.98,14
372220e7-t4jj40-tnnrly-g43g.hkt.gotochinatown.net,3
38.135.24.154,34
38.165.233.93,11
38.180.113.194,50
38.180.137.196,32
38.180.152.210,52
38.207.171.71,5
38.244.209.215,21
38.244.212.54,7
38.247.64.176,111
38.38.251.184,5
38.54.107.101,20
38.54.14.156,72
38.54.20.59,9
38.54.29.130,70
38.54.29.82,9
38.54.57.90,3
38.54.59.16,63
38.54.59.38,94
38.54.85.242,55
38.54.93.205,11
38.54.93.66,18
38.55.198.158,9
38.55.198.52,14
38.60.203.155,61
38.60.224.37,71
38.60.250.107,96
3831ba0a-t70f40-t8jzg2-1hd7v.hkt.gotochinatown.net,3
385d62f2-t70f40-ta5i1s-1j61y.hkt.gotochinatown.net,3
3a62be79-t70f40-tdfzix-fm2v.hkt.gotochinatown.net,15
3c10fcdf-t6r5s0-tdcdb7-1k27l.hkt.gotochinatown.net,13
3d0c52fb-t70f40-t7v83h-1kcpe.hkt.gotochinatown.net,15
3da0d7be-t70f40-tnkuks-wujn.hkt.gotochinatown.net,14
3eb6f843-t6pb40-tc2sod-1tizo.hkt.gotochinatown.net,14
3ef1531d-t70f40-t6z0et-1t60o.hkt.gotochinatown.net,13
40.160.14.104,71
40.160.4.127,50
40.160.4.20,70
40.160.6.133,12
40.233.103.51,63
40.233.83.110,92
4023b910-t70f40-taxf6m-ieln.hkt.gotochinatown.net,3
41f54602-t6ngg0-t7m3jq-1rnrp.us.hyhuawei.com,29
43.133.10.236,9
43.155.186.100,9
43.156.181.203,9
43.165.183.43,9
43.165.190.11,11
43.198.110.101,14
43.198.151.117,11
43.199.160.78,20
43.199.187.111,11
43.199.60.168,9
43.206.210.137,15
43.207.232.58,11
43.207.71.183,16
43.250.54.105,7
43.250.54.155,49
4387672b-t7xr40-0-1t0fu.hkt.gotochinatown.net,3
43hic3j.futurebalhbyh.lat,41
448072be-t6r5s0-taksay-1tcuf.hkt.gotochinatown.net,13
44a1b64f-t77ts0-tb592v-4lg6.hkt.gotochinatown.net,13
45.12.133.61,27
45.12.136.170,90
45.12.143.84,20
45.12.150.145,17
45.128.76.238,10
45.129.3.220,10
45.135.135.89,10
45.135.228.135,72
45.135.235.238,24
45.139.26.133,20
45.139.26.152,78
45.139.26.33,23
45.140.168.42,22
45.140.169.225,10
45.144.48.192,31
45.144.51.14,11
45.144.52.37,24
45.144.53.166,71
45.147.200.79,5
45.149.12.238,10
45.15.127.139,3
45.15.140.107,37
45.15.178.117,8
45.15.185.69,46
45.15.185.70,30
45.150.128.215,24
45.154.96.218,7
45.159.249.242,3
45.159.79.174,6
45.249.91.86,3
45.32.145.222,5
45.32.55.253,9
45.32.79.55,10
45.38.42.198,9
45.67.139.19,3
45.67.139.241,18
45.67.228.11,33
45.76.111.190,9
45.76.192.129,9
45.8.113.22,10
45.8.144.198,22
45.8.145.182,2
45.8.145.61,5
45.8.145.65,5
45.8.93.110,4
45.81.113.60,43
45.82.102.204,86
45.82.102.245,23
45.82.13.64,7
45.82.14.32,1
45.82.245.39,38
45.82.249.129,32
45.82.251.141,1
45.82.251.95,72
45.82.251.98,66
45.82.252.109,3
45.82.255.32,8
45.83.143.28,70
45.87.153.176,14
45.87.153.45,3
45.87.175.154,4
45.87.175.165,16
45.87.175.183,10
45.87.175.190,3
45.87.175.199,2
45.87.175.200,11
45.87.175.35,10
45.87.175.92,11
45.88.183.100,58
45.88.183.55,9
45.89.107.200,28
45.89.109.25,48
45.89.111.103,59
451e6242-t70f40-t8kgw8-jjv2.hkt.gotochinatown.net,15
46.101.133.147,3
46.101.220.197,9
46.101.57.231,39
46.151.26.175,24
46.183.185.37,31
46.224.117.83,3
46.224.149.168,7
46.224.149.209,2
46.224.152.184,16
46.224.157.198,12
46.224.179.90,6
46.224.181.65,1
46.224.198.130,15
46.224.56.108,14
46.232.122.240,9
46.243.232.105,88
46.250.253.50,65
46.3.193.83,7
46.3.47.250,6
46.62.128.207,67
46.62.240.45,4
46.8.78.122,9
47.112.189.21,10
47.129.100.149,37
47.129.217.4,37
47.129.224.62,37
47.130.35.116,3
47.236.119.190,9
47.237.23.83,37
47.239.220.214,37
47.239.246.82,15
47.242.73.27,10
47.243.209.49,115
47.245.0.72,37
47.245.38.111,48
47.245.40.126,5
47.250.132.147,9
47.250.37.87,9
47.253.228.138,7
47.254.206.121,9
47.254.235.221,115
47.254.235.252,9
47.57.182.141,3
47.74.8.30,9
47.76.83.25,37
47.79.151.55,3
47.79.34.91,5
47.79.35.191,9
47.79.42.197,9
47.79.42.30,3
47.79.88.131,9
47.79.90.37,9
47.79.94.145,14
47.79.94.192,18
47.80.1.18,115
47.82.92.52,9
47.89.177.104,9
47.90.220.146,9
47b1149c-t70f40-t85e8f-141tv.hkt.gotochinatown.net,3
4859e911-t6ngg0-t7hsj2-1gevg.us.hyhuawei.com,29
4876a9f0-t7s740-0-1t0fu.hkt.gotochinatown.net,3
48af4ab9-t70f40-tbnucr-1thfv.hkt.gotochinatown.net,3
49.13.234.155,8
49a50ffd-t6r5s0-tamumc-1lkbs.hkt.gotochinatown.net,26
4a04bd31-t70f40-th9kx9-1os43.hkt.gotochinatown.net,13
4a8146b5-t70f40-tlpfci-1jdha.hk1.hyhuawei.com,160
4afb53e3-t83b40-tsddmg-1t0fu.hkt.gotochinatown.net,3
4b5ef466-t8pj40-tbicd9-1go3q.hkt.gotochinatown.net,11
4d22b7cc-t70f40-t7pjgr-11p9g.hkt.gotochinatown.net,11
4d565c78-t7bj40-tgr32b-wj6v.hkt.gotochinatown.net,13
4d887cd1-t8pj40-t9hghw-1sdoq.hkt.gotochinatown.net,11
4dbbf66c-t70f40-tifnix-1ro8s.hkt.gotochinatown.net,22
4ec4fca5-t6r5s0-tc2sod-1tizo.hk1.hyhuawei.com,160
5.10.214.0,1
5.10.214.5,32
5.101.82.158,5
5.129.193.147,12
5.129.214.27,3
5.129.231.109,10
5.129.236.170,1
5.144.182.188,17
5.175.249.174,108
5.180.30.83,2
5.181.21.246,2
5.181.3.16,9
5.188.142.226,5
5.188.181.201,28
5.188.200.224,4
5.188.227.18,74
5.188.4.103,90
5.249.155.77,14
5.253.41.52,24
5.255.121.230,10
5.39.253.14,11
5.61.41.30,9
5.75.198.40,16
5.75.200.72,5
5.75.201.242,10
5.78.48.77,5
5.78.50.111,9
5.78.77.41,9
5.ariyanln.com,2
50.62.172.10,8
50.62.172.15,11
51.15.23.63,14
51.158.206.12,16
51.158.206.25,2
51.158.206.26,6
51.158.206.29,4
51.158.206.8,4
51.158.206.80,4
51.158.206.81,4
51.158.206.87,4
51.158.206.93,4
51.158.206.96,24
51.158.206.98,4
51.159.111.32,160
51.161.33.111,44
51.161.80.138,60
51.178.114.83,79
51.178.114.93,69
51.178.55.157,122
51.195.102.49,9
51.195.203.247,17
51.250.10.136,4
51.250.10.228,20
51.250.100.89,3
51.250.104.85,52
51.250.109.47,8
51.250.110.75,2
51.250.16.101,7
51.250.16.178,11
51.250.19.203,23
51.250.23.141,29
51.250.24.245,8
51.250.24.98,26
51.250.25.11,15
51.250.25.119,29
51.250.25.172,17
51.250.25.32,2
51.250.26.96,20
51.250.28.151,27
51.250.28.232,28
51.250.28.71,4
51.250.28.8,23
51.250.28.99,7
51.250.29.132,9
51.250.29.71,13
51.250.37.12,3
51.250.4.181,51
51.250.6.178,2
51.250.65.209,52
51.250.66.217,12
51.250.70.165,4
51.250.73.31,16
51.250.75.158,22
51.250.75.169,6
51.250.77.7,9
51.250.8.129,2
51.250.83.255,3
51.250.87.167,13
51.250.88.6,17
51.250.89.217,2
51.250.95.143,55
51.250.97.251,8
51.250.97.57,16
51.250.98.101,10
51.250.98.83,14
51.250.99.190,3
51.44.113.247,9
51.44.121.184,18
51.44.138.185,2
51.44.146.211,32
51.44.150.105,11
51.44.54.110,1
51.44.57.66,2
51.45.44.71,9
51.68.146.248,80
51.68.227.243,10
51.68.26.124,14
51.68.83.117,79
51.68.93.212,5
51.75.77.164,10
51.81.223.22,101
51.83.249.182,75
51.89.10.72,71
51.89.117.154,56
51.89.118.58,88
51.89.119.213,78
52.194.193.12,37
52.198.241.226,46
52.221.210.182,37
52.29.65.161,1
52.47.154.136,10
52.47.61.42,10
52.47.66.171,7
52.47.67.33,5
52.58.135.191,3
52.58.152.209,2
52.58.93.190,1
52.59.43.9,4
52a88ced-t6r5s0-tgzvop-hns7.hkt.gotochinatown.net,13
52ff7b69-t70f40-tlpfci-1jdha.hkt.gotochinatown.net,3
5371ca1c-t70f40-tbnk1n-ueq.hkt.gotochinatown.net,15
54.199.226.29,11
54.199.47.127,65
54.238.137.20,37
54.238.144.17,11
54.248.199.75,11
54.248.22.131,9
54.248.35.48,3
54.249.149.192,11
54.250.239.2,11
54.250.46.5,14
54.36.114.57,3
54.36.116.190,56
54.36.118.33,49
54.37.77.212,37
54.37.77.214,70
54.37.78.130,85
54.37.78.193,76
54.37.78.252,70
54.46.50.55,9
54.65.145.17,21
54.93.101.6,18
54.95.61.147,9
545c50c6-t70f40-thiwul-1gcq2.hkt.gotochinatown.net,15
57.128.110.71,24
57.128.178.232,9
57.128.181.125,9
57.128.181.151,9
57.128.181.26,9
57.128.181.82,10
57.128.183.248,9
57.128.190.144,43
57.128.190.194,69
57.128.214.100,28
57.128.30.201,54
57.129.129.139,40
57.129.129.247,63
57.129.137.222,1
57.129.137.239,9
57.129.137.49,9
57.129.137.55,17
57.129.137.60,9
57.129.137.94,10
57.129.35.242,77
57.129.49.1,2
57.129.53.181,84
57.129.53.182,2
57.129.69.122,88
57.129.89.142,86
57.129.89.241,74
57.129.95.198,61
57.129.95.218,48
57.129.95.232,73
57.129.95.38,73
57.130.28.148,74
57.131.17.115,4
57.180.10.245,12
57.180.15.254,15
57.180.28.48,7
57.180.65.162,4
57.181.26.116,9
57351a07-t7vwg0-tcc9uq-1rnrp.los.gotochinatown.net,9
58.152.110.104,76
58.152.110.111,4
58.152.110.192,3
58.152.18.147,22
58.152.18.21,17
58.152.18.226,15
58.152.18.48,33
58.152.25.130,15
58.152.25.220,20
58.152.25.236,78
58.152.25.71,46
58.152.25.86,76
58.152.26.107,46
58.152.30.149,21
58.152.30.31,7
58.152.46.60,147
58.152.53.219,15
5804d996-t70f40-tonrmx-8n27.hkt.gotochinatown.net,14
584ebfbe-t8pj40-tc5odo-1mh85.hkt.gotochinatown.net,11
59.3.3.161,24
59.38.114.209,6
59.6.239.208,9
5a694a9d-t70f40-tkka1f-1k25p.hkt.gotochinatown.net,15
5bb26bb0-t8lts0-t9pc69-mv7m.hkt.gotochinatown.net,11
5eb3c5d7-t70f40-taklwz-12bd.hkt.gotochinatown.net,3
5f13e165-t7vwg0-tcc9uq-1rnrp.sv.plebai.net,9
5vpif-g05.jp06-7c5a-vm0.entry.fr0307a.art,4
60a7e15e-t6pb40-t7r6w5-1ppvf.hk1.hyhuawei.com,8
61.79.126.130,10
61dbc334-t8nog0-tl09la-1q91p.hkt.gotochinatown.net,22
62.192.174.198,40
62.210.10.186,14
62.210.196.68,41
62.210.91.2,28
62.60.176.189,44
62.60.217.8,7
62.60.229.31,15
62.84.100.225,25
62.84.102.162,50
63.176.184.249,2
63.176.238.123,11
63.180.254.10,233
63.181.124.153,2
63.181.207.11,21
63.181.215.244,2
63.181.220.145,1
63.181.90.241,1
63.182.15.247,1
63.182.42.237,3
63.182.69.186,4
636073a9-t70f40-tighxj-12hj8.hkt.gotochinatown.net,14
63805c11-t6g1s0-t7v83h-1kcpe.hkt.gotochinatown.net,15
64.110.70.205,9
64.176.36.17,9
64.176.42.125,9
64.176.55.11,9
64.181.227.82,24
64.188.70.20,19
64.188.74.220,1
64.226.122.88,2
64.226.72.37,2
64.227.131.240,5
64.227.158.180,9
64.227.174.213,9
64.227.33.161,86
64.227.47.120,81
64.235.43.144,9
64.31.63.92,77
64.44.177.238,10
64.56.71.108,17
64.94.95.118,31
65.109.178.83,66
65.109.184.27,4
65.109.198.23,7
65.49.195.163,10
66.235.200.109,5
66.94.113.2,80
66.94.125.222,79
66fd0548-t7h340-t774li-1t0fu.hkt.gotochinatown.net,3
67.207.74.21,9
68.183.227.45,7
68.64.176.135,3
68.64.179.199,3
69.166.235.217,48
69.30.251.122,2
69.84.182.108,21
69958490-t6r5s0-tct1rd-1o0ch.hkt.gotochinatown.net,3
6acf7544-t6r5s0-tnkuks-wujn.hkt.gotochinatown.net,3
6adab57e-t53wg0-tdvgqe-2gok.la.shifen.uk,163
6af113cb-t8lts0-tcfo40-17xo8.hkt.gotochinatown.net,11
6af671a9-t70f40-t7c05o-n09f.hkt.gotochinatown.net,3
6af9dd78-t7bj40-tg010c-1r7od.sj.gotochinatown.net,17
6b62b419-t6t0g0-tfjz9x-1t5n1.hk1.hyhuawei.com,160
6bb95974-t70f40-t94bdb-mrtr.hkt.gotochinatown.net,11
6c4abe27-t70f40-tfjz9x-1t5n1.hkt.gotochinatown.net,3
6d3b5b9f-t8pj40-trg4wh-z65w.hkt.gotochinatown.net,22
6e00b582-t6r5s0-t917sa-12ach.hkt.gotochinatown.net,3
6fdda999-t70f40-tlm64c-xm0q.hkt.gotochinatown.net,14
6l1ri1my5qhq4.iilangolnmlx.lat,32
6nwctkaorvnx.toshibl2hvc.lat,2
70.34.215.221,15
703c5159-t70f40-tee612-2r82.hkt.gotochinatown.net,15
70898894-t70f40-t7do2j-1swry.hkt.gotochinatown.net,15
70b0ab7a-t70f40-thmjbt-1rk9y.hkt.gotochinatown.net,3
71ac3d4f-t6r5s0-t85e8f-141tv.hkt.gotochinatown.net,3
72.56.92.27,31
72b99e3a-t6pb40-t8wh4m-1hpo0.hk1.hyhuawei.com,171
74.112.100.14,58
74.208.150.213,9
74.48.4.205,10
74ebcaaa-t70f40-t8be2y-1ryup.hkt.gotochinatown.net,12
75f06ba2-t855s0-tsddmg-1t0fu.hkt.gotochinatown.net,3
75f6c3c7-t70f40-tiuovf-v3c2.hkt.gotochinatown.net,3
76dc4cf6-t70f40-tn57fp-5ifr.hkt.gotochinatown.net,23
77.105.137.100,26
77.110.113.219,32
77.110.99.118,15
77.221.157.32,9
77.223.214.193,163
77.246.97.187,10
77.37.33.169,13
77.42.47.11,2
77.42.77.66,2
77.73.69.182,1
77.83.245.195,1
77.90.41.197,211
77.91.74.179,77
77.93.89.171,9
777.ai7777777.xyz,2
78.153.139.68,44
78.159.131.23,23
78.159.131.51,4
78.159.246.66,18
78.159.247.136,15
78.159.247.74,20
78.46.200.43,2
78.47.66.175,16
7833aca6-t7ksg0-0-1t0fu.hkt.gotochinatown.net,3
79.110.63.79,6
79.127.200.169,122
79.127.233.170,2
7aac1549-t70f40-tgl02u-1jr1u.hkt.gotochinatown.net,3
7c083e00-t70f40-tg010c-1r7od.hkt.gotochinatown.net,3
7c733709-t70f40-tcw58g-1p0be.hkt.gotochinatown.net,3
7cce4d1a-t6r5s0-tjsm26-6gn6.hkt.gotochinatown.net,14
7cmy5-g03.jp04-1d-vm0.entry.fr0528.art,4
7d1c5b1e-t8nog0-ta42cg-1phla.hkt.gotochinatown.net,22
7d833b55-t8pj40-thd0h1-1rz5s.hkt.gotochinatown.net,11
7e67e9c5-t6r5s0-t7pmvm-17xo8.hkt.gotochinatown.net,13
8.209.202.241,3
8.209.223.212,37
8.210.184.105,14
8.210.248.133,32
8.211.167.99,5
8.211.20.198,8
8.213.194.31,115
8.215.18.213,115
8.217.36.203,72
8.217.90.175,4
8.218.238.254,62
8.218.41.50,86
8.219.1.88,3
8.219.232.60,37
8.219.58.164,9
8.220.131.229,115
8.222.81.32,3
8.223.63.150,14
80.173.230.196,75
80.225.196.14,30
80.225.253.247,30
80.90.186.91,31
81.161.229.122,10
81.168.83.89,160
81.19.141.144,2
81.2.233.43,7
81.200.146.76,6
81.27.100.89,7
81.27.102.67,3
81144e9d-t70f40-tdcdb7-1k27l.hkt.gotochinatown.net,3
82.115.24.175,1
82.115.31.209,3
82.115.6.43,28
82.117.245.125,10
82.117.87.48,3
82.145.63.59,10
82.198.246.97,221
82.26.150.12,50
82.29.40.97,2
82.38.31.179,18
82.38.31.184,14
82.38.31.190,7
82.38.31.191,3
82.38.31.199,22
82.38.31.208,10
82.38.31.214,10
82.97.252.100,22
822d4c12-t70f40-tgzvop-hns7.hkt.gotochinatown.net,14
82efdbb6-t8pj40-t9eu8q-tlhh.hkt.gotochinatown.net,11
83.143.87.9,64
83.147.253.96,15
83.149.105.45,7
83.166.236.201,65
83.217.9.186,2
83.219.97.166,58
83.229.123.17,3
83.229.86.174,8
83a930b1-t6r5s0-toa9ad-4w8.hkt.gotochinatown.net,15
84.200.81.229,22
84.201.130.151,6
84.201.138.55,8
84.201.139.151,28
84.201.141.227,18
84.201.143.127,1
84.201.152.124,26
84.201.163.192,8
84.201.166.234,3
84.201.168.206,2
84.23.53.252,3
84.247.147.61,11
84.252.139.253,16
84.32.44.80,8
84.8.134.187,96
84.8.134.242,96
84.8.138.123,30
84146e14-t6r5s0-tiuovf-v3c2.hkt.gotochinatown.net,13
85.192.49.156,11
85.195.101.122,10
85.208.108.136,66
85.209.132.85,10
85.209.153.125,3
85.209.195.105,19
85.209.195.99,22
85.209.53.170,92
85.239.232.127,85
85.9.197.203,14
85.9.216.145,25
85.90.207.104,109
87.120.187.28,1
87.121.162.241,32
87.229.100.155,4
87.239.252.186,43
87.242.100.82,1
87.242.101.25,12
87af7d1a-t8nog0-t9hghw-1sdoq.hkt.gotochinatown.net,11
88.210.6.49,26
88.214.24.235,9
89.110.90.65,34
89.124.70.62,2
89.144.35.25,20
89.168.80.242,85
89.169.137.193,85
89.169.182.230,25
89.208.104.13,28
89.208.228.197,6
89.221.225.15,25
89.223.93.176,10
89.23.103.60,42
89.23.113.137,27
89d85c51-t7h340-t8xdfw-1m0fq.hkt.gotochinatown.net,3
8a441d34-t6r5s0-taj9mo-1tco3.hkt.gotochinatown.net,22
8a5b33b6-t70f40-tedirp-1fli7.hkt.gotochinatown.net,11
8cd2zotq1ryet.kentakyltumn.lat,7
8d58d307-t70f40-tb3p3s-lj7z.hkt.gotochinatown.net,14
8f40af5e-t70f40-t85gkc-115d8.hkt.gotochinatown.net,3
90.156.150.229,12
908a74e2-t8pj40-t9so47-1pr35.hkt.gotochinatown.net,11
91.106.109.73,35
91.106.109.74,29
91.107.130.214,2
91.107.145.203,8
91.107.148.154,9
91.107.148.79,59
91.107.169.78,2
91.107.172.11,66
91.107.173.252,66
91.107.190.166,23
91.107.243.172,2
91.107.244.15,60
91.142.72.101,29
91.149.238.71,28
91.186.217.108,4
91.192.81.154,9
91.216.104.76,7
91.239.208.204,3
91.243.82.82,46
91.84.107.75,4
91.98.123.121,2
91.98.148.160,2
91.98.193.27,2
91.98.231.130,73
91.98.30.139,6
91.98.39.30,2
91.98.94.0,2
91.99.106.117,101
91.99.160.187,1
91.99.210.212,2
91.99.225.11,119
91.99.67.80,1
91.99.73.21,5
91.99.91.136,1
91b3b4c6-t70f40-tcmtfl-1qudp.hkt.gotochinatown.net,15
91dce05b-t7xr40-tsddmg-1t0fu.hkt.gotochinatown.net,3
92.118.231.181,13
92.223.62.214,73
92.243.74.4,5
92.38.135.61,5
92.60.70.36,10
927d9757-t6r5s0-t7hsj2-1gevg.hkt.gotochinatown.net,3
928fa540-t6r5s0-t9byd7-1jfvb.hkt.gotochinatown.net,15
93.114.98.102,69
93.152.207.254,51
93.183.94.163,5
93.186.254.141,7
9306b089-t8ckg0-tsddmg-1t0fu.hkt.gotochinatown.net,3
93k.shirim.top,3
94.103.1.44,34
94.131.100.164,27
94.131.110.108,7
94.131.110.119,2
94.131.110.128,3
94.131.118.117,5
94.131.118.18,41
94.131.120.177,4
94.131.123.236,2
94.140.0.238,39
94.156.102.20,7
94.156.115.109,27
94.156.250.148,80
94.159.107.136,9
94.183.160.101,2
94.232.247.168,27
94.242.59.207,2
94k.bestusers.ir,3
95.128.157.251,67
95.135.60.95,10
95.163.251.224,8
95.163.251.240,15
95.164.116.119,4
95.164.116.33,25
95.164.85.109,10
95.173.218.203,2
95.38.210.6,15
95.40.111.8,11
95.40.125.94,9
95.40.14.227,7
95.40.19.252,18
95.40.73.131,12
95.40.79.104,11
95.40.79.48,3
95.40.81.42,9
950c68df-t6t0g0-t85ssw-1bonh.hk1.hyhuawei.com,160
95175264-t70f40-tiuylw-46gc.hkt.gotochinatown.net,3
955ed592-t70f40-tfpsin-1q3dm.hkt.gotochinatown.net,3
95930bfa-t70f40-t83bw1-1f596.hkt.gotochinatown.net,24
95k.bestusers.ir,3
974e2823-t6ngg0-t7j1ub-g3b3.us.hyhuawei.com,29
9795336f-t70f40-tmynyz-1s3mx.hkt.gotochinatown.net,14
98.70.26.236,9
99.88.80.195,36
9a9b7b78-t6r5s0-tcp4th-1c4g6.hkt.gotochinatown.net,3
9ac06eaf-t70f40-tc61cs-1tja8.hkt.gotochinatown.net,14
9b13ea8f-t70f40-t7t5pe-1s0a7.hk1.hyhuawei.com,160
9b91d3c4-t53wg0-t6h87s-63bp.la.shifen.uk,160
9bc9db69-t6t0g0-tee612-2r82.hk1.hyhuawei.com,160
9c25e30b-t6ccg0-tfpsin-1q3dm.hk1.hyhuawei.com,160
9c329770-t6ngg0-t6k5ga-1bonh.hk1.hyhuawei.com,160
9c402b0d-t70f40-tfeciy-1iddy.hkt.gotochinatown.net,3
9d8128b3-t70f40-t7c251-nx3b.hkt.gotochinatown.net,15
9edb1f6e-t56dc0-t9lxaa-1glq.la.shifen.uk,160
9eef437c-t70f40-tiaexf-ufc0.hkt.gotochinatown.net,10
9ef7d9d8-t8pj40-tr9h64-1f1f1.hkt.gotochinatown.net,22
9f42af8a-t70f40-t99b5n-1hhyy.hkt.gotochinatown.net,26
9f585d8c-t7bj40-tpw4i4-1pckg.hkt.gotochinatown.net,15
9fc33e40-t70f40-tbpu76-1thmd.hkt.gotochinatown.net,3
9ff1414d-t70f40-t9p7yj-1ijh5.hkt.gotochinatown.net,14
ARMEN.TORPROSPEED.IR,10
Arshiavpn.sefryasad.ir,6
Cr7.zx-shop.ir,10
Lis.iranfreedomserver.com,11
Lis2.iranfreedomserver.com,2
Pl.sefrtasad.com,1
Us.sefrtasad.com,2
VoPi.pVnoCo.Ir,1
Www.speedtest.net,2
XXXccFrt.922922.ShOP,18
a.ru.maviks.ru,9
a001.standard-nodes-chickenfarms.com,20
a0a6ad34-t7mn40-0-1t0fu.hkt.gotochinatown.net,3
a0d03427-t70f40-tm23vf-1jk6u.hkt.gotochinatown.net,3
a1f79498-t8pj40-tc67m2-1tjc4.hkt.gotochinatown.net,11
a2ec8dbd-t8pj40-tgl02u-1jr1u.hkt.gotochinatown.net,11
a39b8d01-t70f40-ta5nd4-e06r.hkt.gotochinatown.net,3
a3f83f3b-t7bj40-tg010c-1r7od.hkt2.cdnhuawei.com,11
a475d0e9-t70f40-tphxte-1h5u7.hkt.gotochinatown.net,3
a6a24529-t6ngg0-t7fz1r-8rja.us.hyhuawei.com,29
a76-4179-8a78-c8b78b3c00cb.664.qzz.io,10
a79e47bc-t70f40-t8wh4m-1hpo0.hkt.gotochinatown.net,15
a92636eb-t6r5s0-tbac1z-1j3zm.hkt.gotochinatown.net,3
a943ff64-t70f40-t7om7n-luwe.hkt.gotochinatown.net,3
a9da8b8e-t70f40-t781gb-1fqef.hkt.gotochinatown.net,15
a9f49859-t8pj40-tbe46y-1la7v.hkt.gotochinatown.net,11
ab.fxgoldensignals.com,3
ab17e351-t7vwg0-tcc9uq-1rnrp.sj.gotochinatown.net,9
ab4a2859-t6r5s0-tbmeud-1th9y.hkt.gotochinatown.net,3
abiidar-free.avamovie1.top,6
ad206339-t70f40-teivih-1rz31.hkt.gotochinatown.net,14
ad3b4d67-t70f40-tjsm26-6gn6.hkt.gotochinatown.net,15
ad72fc1d-t70f40-tb016b-1m7l4.hk1.hyhuawei.com,163
adas-polo-ba-mahi.kotlet.org,160
adb636cd-t70f40-tasftf-duku.hkt.gotochinatown.net,15
adfda0ab-t70f40-tcop2n-tl32.hkt.gotochinatown.net,15
ae2.tunnely.ru,14
afd934fd-t7ixs0-0-1t0fu.hkt.gotochinatown.net,3
alb.zov-bot.ru,5
alirezavpnsky.love-iran.site,9
all.tellmethetrue.shop,49
america.armanstore2.sbs,2
ams1.fromblancwithlove.com,6
amsterdam.nezhasu.com,160
api.dark-coffe.com,68
api.kermanshahi.org,74
apple.land200.netmeli.com,12
appleidcenteral.ir,9
arm-0001-xr.packet-drop-society.net,2
ashburn-1.nezhasu.cn,9
ashburn.nezhasu.com,28
au.fastcokeasdasd.com,10
aut-0001-xr.packet-drop-society.net,23
auth.cometatech.ru,1
aws-1.aikunapp.com,10
aws-hkhk.aikunapp.com,10
azizoarjmanddd.info,29
b135e9e8-t7bj40-tg010c-1r7od.los.gotochinatown.net,18
b1438b68-t70f40-tb74a6-1q9g2.hkt.gotochinatown.net,13
b3d681a4-t55r40-t5s93b-1swry.hkt.gotochinatown.net,3
b3efe586-t7ohs0-0-1t0fu.hkt.gotochinatown.net,3
b40b1edb-t6r5s0-tm3dx0-1r9dt.hkt.gotochinatown.net,3
b47d7c47-t6r5s0-tk5ls1-z7a1.hkt.gotochinatown.net,3
b4c044e6-t70f40-t9byd7-1jfvb.hkt.gotochinatown.net,3
b4d8231e-t70f40-te0v28-1mh67.hkt.gotochinatown.net,3
b52d25e0-t6r5s0-t7r6w5-1ppvf.hkt.gotochinatown.net,3
b735d1f0-t70f40-t7dy6t-jx5r.hkt.gotochinatown.net,13
b7810513-t6r5s0-t7j1ub-g3b3.hkt.gotochinatown.net,13
ba89b7ab-t70f40-t7scm6-1o20w.hkt.gotochinatown.net,3
backup.fleetfoxi.link,80
bastion.h3.speed.cloudflare.com,17
batam1.nezhasu.com,9
batam2.nezhasu.com,9
batam3.nezhasu.com,37
bcc4c365-t70f40-tpaqgu-1smhu.hkt.gotochinatown.net,24
bcjqb58lc.royalcontl5h1b.lat,15
bdcfc55c-t70f40-tonrqx-1khwf.hkt.gotochinatown.net,3
bdf118f2-t6r5s0-t7hmka-1plv4.hkt.gotochinatown.net,3
be003549-t6e740-tb3p3s-lj7z.hkt.gotochinatown.net,3
be1ca0db-t8pj40-tbnlwl-1qaek.hkt.gotochinatown.net,11
be9884d0-t6r5s0-t7dv8l-1szgv.hkt.gotochinatown.net,25
bestcdn0.868863.xyz,22
bestcdn1.868863.xyz,82
bestcdn2.868863.xyz,131
bestcdn3.868863.xyz,62
bestcdn4.868863.xyz,201
bestcdn5.868863.xyz,54
betty.ns.cloudflare.com,76
bfc9a719-t70f40-t8biw1-44k4.hkt.gotochinatown.net,14
bgr01-vlr01.tcp-reset-club.net,8
blog.cloudflare.com,30
bou.officialvpn.shop,33
brenna.ns.cloudflare.com,54
bridge2.pool.sssrvpn.pro,10
bshs-187271-isbshs-18181717.bawqrataaui.ir,17
c222f692-t70f40-tnnrly-g43g.hkt.gotochinatown.net,3
c31c955e-t63340-tao3bn-ggww.hkt.gotochinatown.net,3
c321de88-t5xj40-t7d1t3-81nv.hkt.gotochinatown.net,15
c37b0be5n-t3kyo0-t3lvgh-2gok.la.shifen.uk,163
c4ced910-t70f40-tdahby-1tnab.hkt.gotochinatown.net,15
c4ea51ab-t7h340-t8xdsu-nx3b.hkt.gotochinatown.net,3
c558c52a-t6r5s0-tc61cs-1tja8.hkt.gotochinatown.net,15
c68734da-t6r5s0-to8xn3-l4nv.hkt.gotochinatown.net,3
c7e6deaa-t6r5s0-tm23vf-1jk6u.hkt.gotochinatown.net,15
c860b004-t70f40-tnqudu-1mim2.hkt.gotochinatown.net,3
c90e7d9b-t6r5s0-tlm64c-xm0q.hkt.gotochinatown.net,25
c9732ae5-t88v40-tsddmg-1t0fu.hkt.gotochinatown.net,3
ca.srv.oplcdn.link,2
ca225.vpnbook.com,3
cab09fdc-t70f40-td5oia-1m49t.hkt.gotochinatown.net,3
cc1.mangshe.xyz,37
cc65f71a-t4v9c0-t5waci-4550.la.shifen.uk,160
cca4dc87-t70f40-t9lm1q-1p1b.hkt.gotochinatown.net,3
cd5a4e76-t70f40-t7dv8l-1szgv.hkt.gotochinatown.net,25
cdn-ru3.catconnect.ru,1
cdn-ru4.catconnect.ru,1
cdn.204910.best,17
cdn.9889888.xyz,3
cdn.bagvel.click,2
cdn.turbooserver.com,10
cdncdn.aikunapp.com,10
cdnfire.xiaomispeed.com,100
cdns.doon.eu.org,11
cec68609-t7ixs0-t774li-1t0fu.hkt.gotochinatown.net,3
cees.owwoedu.com,11
cef91d7a-t70f40-to8xn3-l4nv.hkt.gotochinatown.net,15
cf.008500.xyz,3
cf.090227.xyz,37
cf.130519.xyz,54
cf.877774.xyz,41
cf.zhetengsha.eu.org,18
cfea7a92-t6r5s0-tonrqx-1khwf.hkt.gotochinatown.net,14
cfxr.eu.org,49
cgroup.node5.s2.nodelist-airport.com,4
ch.srv.oplcdn.link,2
ch.svdualvpn.ru,1
ch3.tunnely.ru,6
channel1.saghetalaie.homes,211
channel3.saghetalaie.homes,188
channel4.saghetalaie.homes,9
chengbai02.ascwt179.com,34
china.embassy.gov.au,17
chkeg.torprospeed.ir,11
chuncheon-1.nezhasu.com,9
chuncheon-2.nezhasu.com,9
clean.photoggenic.ir,9
cloudflare-dl.byoip.top,3
cloudflare-dns.com,31
cloudflare.182682.xyz,48
cloudflare.seeck.cn,3
clyde.ns.cloudflare.com,27
cmcc.090227.xyz,16
cmcc.877774.xyz,7
convera.com,37
cosmin.ns.cloudflare.com,43
cr7.zx-shop.ir,17
ct.090227.xyz,16
ct.877774.xyz,25
cucc.cloudflare.seeck.cn,10
cute-kittens.store,11
d0563283-t6r5s0-tg010c-1r7od.hkt.gotochinatown.net,3
d0858561-t6r5s0-t9lc3n-z93q.hkt.gotochinatown.net,3
d08f5ae5-t70f40-t917sa-12ach.hkt.gotochinatown.net,3
d2704f09-t70f40-t74ix0-1m0fq.hkt.gotochinatown.net,3
d28b916c-t7vwg0-tcc9uq-1rnrp.hkt2.cdnhuawei.com,66
d3cc8573-t70f40-tm3dx0-1r9dt.hkt.gotochinatown.net,15
d48a2b0e-t57ls0-t7r6w5-1ppvf.us.hyhuawei.com,8
d5d454e0-t70f40-thd0h1-1rz5s.hkt.gotochinatown.net,3
d66963e7-t70f40-tc67m2-1tjc4.hkt.gotochinatown.net,3
d738f7f2-t70f40-teu3io-1t4wg.hkt.gotochinatown.net,3
d810744e-t70f40-tcp4th-1c4g6.hkt.gotochinatown.net,14
d90d72cd-t6r5s0-t95ncr-1slop.hkt.gotochinatown.net,24
dDdCCVFg.922922.SHOP,7
da6103f9-t6ngg0-tao3bn-ggww.us.hyhuawei.com,160
db1.nezhasu.com,9
dd.openaccessnode.com,163
dd1b8960-t70f40-t7fz1r-8rja.hkt.gotochinatown.net,3
dda1e822-t6r5s0-thmjbt-1rk9y.hkt.gotochinatown.net,14
de-2.healingfluence.com,6
de-dp-01.com,2
de.cdn.stun.su,25
de.eyucdn.xyz,176
de.skytunnel.pw,6
de.srv.oplcdn.link,1
de.svdualvpn.ru,3
de080c01-t6r5s0-t7scm6-1o20w.hkt.gotochinatown.net,15
de1-nv.jugploer.icu,30
de1.bitrixcdn.pro,7
de1.jugploer.icu,3
de1.krasivovpn.ru,20
de1.opensocks.site,19
de1.xiaoliyu.cyou,33
de16.fastlanehosting.ru,7
de2.oomz.ru,171
de2.skytunnel.pw,10
de2.srv.oplcdn.link,3
de24.abvpn.ru,22
de3.xiaoliyu.cyou,33
de31.abvpn.ru,10
de5.tunnely.ru,9
delilah.ns.cloudflare.com,84
desrv.vmagnum.win,9
deu196.unboundaccess.org,2
developers.cloudflare.com,39
devops-develop.skyservermd.ir,10
dfg.octopusss.net,66
dg.kaixincloud.top,8
dg1.xiaohuolongjc.top,37
dir.cybsecguru.com,163
direct-snap.generator-filmmaker.com,17
docker.1panel.live,23
docs.cloudflare.com,31
donate1.mahsa.homes,92
doprax.fxgoldensignals.com,41
drhystuichdfy.samanidempire.org,15
e10829f0-t4un40-t9lb2a-1glq.la.shifen.uk,160
e12c25e8-t70f40-t87m8y-1pr35.hkt.gotochinatown.net,3
e1d6b467-t53wg0-td5oia-1m49t.us.hyhuawei.com,160
e3c7f60e-t8pj40-t9b2j8-11p9g.hkt.gotochinatown.net,11
e4d7a1c2f3b80976a5e2c1d4b3f0a987.358.onl,34
e542f5ac-t8pj40-td95qh-1isea.hkt.gotochinatown.net,22
e66ecabe-t7h340-tq9o8d-1d3bw.hkt.gotochinatown.net,3
e6744b60-t70f40-t83wx3-19xg1.hkt.gotochinatown.net,3
e6c543b9-t8pj40-tan99f-1rdqg.hkt.gotochinatown.net,22
e9c33324-t70f40-tcdlur-1qwom.hkt.gotochinatown.net,24
ea900bd2-t6pb40-tonrmx-8n27.hkt.gotochinatown.net,14
ea9466bf-t3dk00-t3i5yp-b4pt.la.shifen.uk,163
eabe4766-t6r5s0-tds6bp-1hzyr.hkt.gotochinatown.net,24
eb552654-t6r5s0-te0v28-1mh67.hkt.gotochinatown.net,24
eb8f27cc-t70f40-t80cbx-1k0yf.hkt.gotochinatown.net,3
ebc00a3a-t6r5s0-tn57fp-5ifr.hkt.gotochinatown.net,3
ebf93ea5-t70f40-t7d1t3-81nv.hkt.gotochinatown.net,3
ec130d51-t6pb40-t72h4q-1spnr.hkt.gotochinatown.net,13
ed7aa870-t7u1s0-0-1t0fu.hkt.gotochinatown.net,3
educated-3.sbrf-cdn342.ru,7
ee.skytunnel.pw,8
ee.srv.oplcdn.link,4
ems.heartina.ir,4
eng45.unlockspace.org,3
england.torprospeed.ir,29
es2.tunnely.ru,2
eu.fastcokeasdasd.com,20
f06ab53d-t70f40-t7xcfs-1ldl3.hkt.gotochinatown.net,3
f098ccea-t8lts0-thzbn1-1gxvd.hkt.gotochinatown.net,22
f2.ev2ma.ir,4
f307cee0-t70f40-tpftcp-13x18.hkt.gotochinatown.net,3
f34503ac-t70f40-tbac1z-1j3zm.hkt.gotochinatown.net,11
f51acba7-t6e740-tfpsin-1q3dm.hkt.gotochinatown.net,3
f5514da0-t70f40-tc9wl2-py5w.hkt.gotochinatown.net,14
f5596b30-t6pb40-tpaqgu-1smhu.hkt.gotochinatown.net,25
f643a7e8-t6ngg0-t74ix0-1m0fq.hk1.hyhuawei.com,160
f6cb3767-t70f40-t72h4q-1spnr.hkt.gotochinatown.net,14
f723b78e-t6r5s0-tgl02u-1jr1u.hkt.gotochinatown.net,25
f8d6a0ad-t6r5s0-t8hh31-amya.hkt.gotochinatown.net,25
fa45464b-t70f40-taz53d-1j0y6.hkt.gotochinatown.net,13
faafb8c9-t6r5s0-t7dy6t-jx5r.hkt.gotochinatown.net,36
falankefu1.nezhasu.com,160
fbde8bc6-t6ngg0-tbmeud-1th9y.us.hyhuawei.com,160
fc9d3bb0-t70f40-t7hmka-1plv4.hkt.gotochinatown.net,6
fe5f0a7d-t6r5s0-tpftcp-13x18.hkt.gotochinatown.net,3
fegedfewqresd.kaixincloud.top,22
ffc60249-t53wg0-t92wi1-1qkeg.hk2.hyhuawei.com,50
ffiw.owwoedu.com,11
fg.zhujue.us,98
fi.locations-service.com,11
fi.sepshoping.de,18
fi.zeepo.ir,2
fi4.node.sssrvpn.pro,1
fi72.skytunnel.pw,2
ficdn16.suio.me,3
fl3.cowjuice.me,32
fn.aftabix.com,4
fn11.irsbv2.ir,54
fq-de.mxtn.net,96
fq-fr.mxtn.net,136
fq-hk.mxtn.net,40
fq-in.mxtn.net,76
fq-jp.mxtn.net,96
fq-kr.mxtn.net,58
fq-nl.mxtn.net,96
fq-sg.mxtn.net,96
fq-uk.mxtn.net,96
fq-us.mxtn.net,76
fr.locations-sub.com,3
fr.sbrf-cdn342.ru,16
fr1.miyazono-kaori.com,1
fr1.opensocks.site,27
fr1.tunnely.ru,4
fr1vless.krasivovpn.ru,26
fr2.tunnely.ru,6
fr2.xiaoliyu.cyou,33
france-paris.hostinger.kcartik-vps.com,5
france.streamvault-premium.site,13
frankfurt02.zgjok.com,20
free-de-3.undef.network,39
free-server.techsonic.cloud,4
free.barayekhudam.ir,5
free1.barayekhudam.ir,12
free12.shomboli.blog,3
freesanjeshtestsanesh.sanjeshvipspeed.ir,1
freev2.cloudflare.182682.xyz,25
freeyx.cloudflare88.eu.org,84
ftvpn.fasttunnel.ru,3
gainsboro.qzz.io,10
game.overload.ovh,1
gamingger02.wilduser.org,22
gavazn.lnmarketplace.net,211
gbr-0001-xr.packet-drop-society.net,6
ge.sepshoping.de,5
ge1.kallehpaz.ir,3
genshin-v4-oracle-amd.damaoooo.com,160
ger3.bing-net.com,4
glby4.nezhasu.com,9
glby5.nezhasu.com,9
go1.nnvpn.io,5
go2.lenovo.com,2
google.com,125
gr3.hydro-soft.ir,2
green2.cdntencentmusic.com,439
gtm1.ktmwan.net,70
gurvpn-bot.outlinekeys.net,10
gw.liangyuandianwan.com,10
gy2.nezhasu.com,9
gy3.hdcloud.link,7
gy5.nezhasu.com,63
gy6.nezhasu.com,28
hels3.vlessok.store,20
hinetddns1.aikunapp.com,10
hk-1.server.network.xn--9kqy16ofpa.com,8
hk.eyucdn.xyz,37
hk.fastcokeasdasd.com,60
hk.xn--gmq00sc0nuve.shop,163
hk01-vlr01.tcp-reset-club.net,71
hk1.1010991.xyz,37
hk1.shiyuandian.shop,20
hk2.jueduibupao.top,37
hk3.dexlos.com,8
hk4.dexlos.com,8
hkrelink-g.stand3pro.org,1
hkt-ty-line-1.sudatech.store,8
hkt.gotochinatown.net,81
hl.dabache.top,7
hl.kaixincloud.top,20
hn.xn--wlqw1swrj04ju56d.com,2
hostdns.hostdns.store,1
hsdg.huasuan666.top,123
hstas.hitabi.ir,1
http.hexo-music.ir,4
hy2-3.dhh.moe,9
hy2-hk1.dhh.moe,9
hyfuuf6.wsone.icu,20
id.fastcokeasdasd.com,10
id2.wpairplane.com,48
ilta-wzxrxkdhbjpnprhkkpplsjwawhssvollvxzdhqshiqckwdgrdm.orbnet.xyz,136
info.andishehnegar404.ir,16
info.mattesaira.cc,6
ip.dudeuni.com,20
ipv6s176.okgg.top,65
ipv6s318.ayxj.top,67
ipv6s419.okgfwbackxyz.xyz,180
ipv6s505.okgg.top,65
ipv6s505.okxyzback.xyz,115
ipv6s515.okgfwbackxyz.xyz,115
ipv6s537.okgfwbackxyz.xyz,3
ipv6s566.okgfw.top,48
ipv6s583.okgfwbackxyz.xyz,48
ir.fastlion.ir,2
ir2.shahanet.ir,1
iran.zanbor.de,10
iranc.cyou,2
it.armanstore2.sbs,2
it1.miyazono-kaori.com,7
italicka.vegaskala.com,10
itarmy.com.ua,30
japan.geodema.network,30
jnd.dabache.top,33
johannesburg-1.nezhasu.com,9
johannesburg-2.nezhasu.com,9
johannesburg-3.nezhasu.com,9
johannesburg-4.nezhasu.com,18
jp2.dexlos.com,16
jp3.dexlos.com,9
jp5.dexlos.com,16
jp7.dexlos.com,50
jp9.trumpyun.pro,10
jpjp.gzcloud.shop,37
jpjua.osaip.net,4
jpus.fastcokeasdasd.com,70
jy-hk.kunlun07dns.com,58
jy-jp.kunlun07dns.com,33
jy-other.kunlun07dns.com,11
jy-sg.kunlun07dns.com,22
jy-us.kunlun07dns.com,22
khabarovsk.geodema.network,51
kocheei.vegaskala.com,10
kr.fastcokeasdasd.com,10
kr1.miyazono-kaori.com,21
kz.catconnect.ru,1
kz.skytunnel.pw,7
lord.kokopit.info,30
lovetea.parsianboton.ir,2
lsj3.mangshe.xyz,129
lsyd1.lansecs.top,28
lt-jpn.ltdns.top,6
lt-sin.ltdns.top,12
lundun1.nezhasu.com,169
lundun2.nezhasu.com,169
lundun3.nezhasu.com,169
lundun4.nezhasu.com,169
lv.catconnect.ru,1
lv.fasti.win,3
lv4.789900.xyz,17
mailru.ookcdn.ru,52
makevaslim.com,1
marseille-1.nezhasu.com,26
masterserver1.gatesriver.ir,8
masterserver1.masterserver1.byte-server.ir,2
maxa02.gatesrev.ir,3
maxa09.gatesrev.ir,3
maxa11.gatesrev.ir,5
maxa19.gatesrev.ir,7
maxa23.gatesrev.ir,7
maxa25.gatesrev.ir,7
maxb01.musicdoon.ir,2
maxb04.musicdoon.ir,3
maxb08.musicdoon.ir,9
maxb10.musicdoon.ir,5
maxb17.musicdoon.ir,11
maxb20.musicdoon.ir,13
maxb30.musicdoon.ir,2
meg3.horiono3.xyz,14
mfa.gov.ua,25
mfyousheng.nl.eu.org,41
mg1.mangshe.xyz,37
mg2.mangshe.xyz,50
miow.thecommit.sbs,5
ml.fastcokeasdasd.com,10
moxige1.nezhasu.com,63
mumbai-1.nezhasu.com,28
mumbai-2.nezhasu.com,37
mumbai-3.nezhasu.com,37
mumbai-4.nezhasu.com,37
my.xn--gmq00sc0nuve.shop,163
n1747624267.4u9ma.icu,35
n1747624280.lie5d.cyou,17
n1747624282.lie5d.cyou,20
n1753598446.wpg27.xyz,27
n1753598448.74qxv.top,35
n1753598451.74qxv.top,17
n1761214902.wpg27.xyz,9
n1761214904.wpg27.xyz,27
n1761214905.wpg27.xyz,20
n1761214906.wpg27.xyz,11
n1761214907.74qxv.top,20
n1761214908.wpg27.xyz,20
n1761214912.wpg27.xyz,20
n1761214915.mv7wh.tech,11
n1761214918.74qxv.top,15
n1761214919.mv7wh.tech,9
nekocloud.tencentapp.cn,10
nethgtun.bestjadid.ir,3
newrsgmsd2.vegaskala.com,10
nj.us.srv.oplcdn.link,2
nl-amst-node.genadata.online,75
nl.catconnect.ru,1
nl01-ss01.tcp-reset-club.net,3
nl1.oomz.ru,163
nl1.xiaoliyu.cyou,33
nl1vless.krasivovpn.ru,8
nl2.miyazono-kaori.com,21
nl5.tunnely.ru,13
noda1.mcqueenconnection.ru,24
norman.ns.cloudflare.com,15
notability.com,25
notion.site,9
nrt.xxxxxxxx.nyc.mn,11
nrtcfdns.zone.id,77
ns.cloudflare.com,20
ns.cloudnsmkh.ir,5
ntherlandsa.vegaskala.com,10
nyw5hxsev.abadanillrcn.lat,14
octopusss5.info,52
okr.westirooni.ir,11
oksl.cfapps.ap21.hana.ondemand.com,16
one.cf.cdn.hyli.xyz,54
one.dash.cloudflare.com,44
oon.visaups.ir,68
ooooooof.ir.fizikade.ir,11
openai.com,31
oralb.com,12
osn.takovpn.ru,2
oss-4.qqa678.com,25
ovhwuxian.pai50288.uk,29
p1anel.lormarb.ir,7
panel.cactusv4.sbs,2
ph.fastcokeasdasd.com,10
phoenix-1.nezhasu.cn,17
phoenix-1.nezhasu.com,63
phoenix-2.nezhasu.cn,17
phoenix-3.nezhasu.com,17
phoenix-4.nezhasu.com,36
picassooo.info,66
platform.wise.com,2
play.worldpulse.sbs,4
pn2gweb.sigmachemicals.ir,2
pn7nlapp.farsiblockchain.com,14
pn8rackapp.breaknet2.eu,6
pol01-ss01.tcp-reset-club.net,24
poland.takovpn.ru,2
pop.netbazchanell.ir,2
pq.us1.globals-download.com,16
pq.us2.globals-download.com,16
pq.us7.globals-download.com,16
pqh29v3.globalfymain.com,27
pro.turbooserver.com,20
prosshprossh.ajorpare.ir,19
pysrvip.glovesstore1.ir,14
quarenty.site,4
quick-edit.devprod.cloudflare.dev,18
re.alphanet01.com,1
relay.4.5qxpdfwcnkh0su.9ss.com.tw,9
rez1.generator-filmmaker.com,21
rg4p7vxulw2blf.sheraitonldayd.lat,2
ro1.instavpn.ru,17
rohin.ns.cloudflare.com,66
rs2.licensekaadeh.ir,1
ru-msk-yan-1gbit-01.sssrvpn.pro,11
ru-msk-yan-1gbit-02.sssrvpn.pro,11
ru-nl01-vlr01.tcp-reset-club.net,4
ru-node.skytunnel.pw,8
ru.fastcokeasdasd.com,10
ru1.jugploer.icu,2
ru2.nnvpn.io,41
ru2.tunnely.ru,19
ru3s.1gb.site,1
rz02734.koohrangil8cab.lat,13
s1.tun.cloudnsas.ir,2
s1.tun.fin.cloudnsas.ir,2
s119.okgfw.top,115
s126.okgfwbackxyz.xyz,180
s191.okxyzback.xyz,115
s284.okgfwbackxyz.xyz,180
s309.okgfwbackxyz.xyz,180
s408.okgfwbackxyz.xyz,180
s409.okgfw.top,65
s410.okgfw.top,65
s415.okgfwbackxyz.xyz,180
s418.okgfwbackxyz.xyz,180
s420.okgfw.top,65
s430.okgfwbackxyz.xyz,48
s446.okgfw.top,65
s447.okgfw.top,65
s448.okgfw.top,65
s449.okgfw.top,65
s451.okgfw.top,65
s452.okgg.top,65
s455.okgg.top,65
s456.okgg.top,65
s457.okgg.top,65
s458.okgg.top,65
s459.okgg.top,65
s460.okgg.top,65
s462.ccgfw.top,65
s464.ccgfw.top,65
s476.okgfw.top,106
s479.okgfwbackxyz.xyz,115
s485.okgfwbackxyz.xyz,115
s508.ccgfw.top,180
s511.ccgfw.top,3
s517.ccgfw.top,3
s518.okgfw.top,180
s519.okgfwbackxyz.xyz,115
s524.okgfw.top,3
s534.okgfw.top,180
s546.okgfwbackxyz.xyz,115
s578.okgfwbackxyz.xyz,115
s587.okgfwbackxyz.xyz,115
s588.okgfwbackxyz.xyz,115
s589.okgfwbackxyz.xyz,115
s591.okgfwbackxyz.xyz,115
s592.okgfwbackxyz.xyz,115
s594.okgfwbackxyz.xyz,115
s596.okgfwbackxyz.xyz,115
s597.okgfwbackxyz.xyz,115
s601.okgfwbackxyz.xyz,3
s605.okgfwbackxyz.xyz,115
s606.okgfwbackxyz.xyz,115
s617.okgfwbackxyz.xyz,3
s618.okgfwbackxyz.xyz,115
s620.okgfwbackxyz.xyz,115
s624.okgfwbackxyz.xyz,115
s626.okgfwbackxyz.xyz,115
s629.okgfwbackxyz.xyz,3
s671.okgg.top,65
s671.okxyzback.xyz,115
s689.okgfwbackxyz.xyz,106
s690.okgfwbackxyz.xyz,48
s692.okgfw.top,170
s693.okgfw.top,106
s739.ayxj.top,67
s740.ayxj.top,67
s742.ayxj.top,67
s743.okgfw.top,115
s744.okgfw.top,115
s746.okgfw.top,115
s759.okgfwbackxyz.xyz,115
s760.okgfwbackxyz.xyz,3
s762.okgfwbackxyz.xyz,115
s878.okgg.top,65
s878.okxyzback.xyz,115
s9.vless-balancer.ru,33
saas.sin.fan,10
sakura.bunnywaffle.org,45
sanjose.nezhasu.com,63
se.locations-service.com,11
sg.lyhycloud.org,10
sg2.eyucdn.xyz,37
sg3.eyucdn.xyz,37
sg3.oomz.ru,50
sg4.dexlos.com,9
sg5.dexlos.com,9
sgclaw.lycoreco.eu.org,1
sgmob222.asuscomm.com,20
sgp.fastcokeasdasd.com,40
sgtuic01.yydzx.xyz,16
shops.myshopify.com,25
shouer.nezhasu.com,9
singapore.com,17
singapore.nezhasu.com,9
singapore02.zgjok.com,2
singaporex-1.nezhasu.cn,9
sl2.mrtech.com.tr,2
spain.torprospeed.ir,11
spb-node.genadata.online,57
ss.017.node-for-bigairport.win,5
ss.027.node-for-bigairport.win,1
ss.029.node-for-bigairport.win,8
ss.036.node-for-bigairport.win,5
ss.037.node-for-bigairport.win,10
ss.038.node-for-bigairport.win,17
ss.039.node-for-bigairport.win,23
ss.055.node-for-bigairport.win,8
starlink-de1.2513142.xyz,8
starlink-de2.2513142.xyz,8
starlink-tor.2513142.xyz,8
stf8bnl5r1c0vm.sheraitonldayh.lat,33
store.ubi.com,11
sub.danfeng.eu.org,3
sub2.mobileamin.shop,2
subeight2.iranfreedomserver.com,3
subhol.abbvest.in,5
subscribe.getvlessvpn.com,19
subscription.lormarb.ir,2
support.cloudflare.com,20
sv2.wy888.us,6
sw.sepshoping.de,20
sw1.krasivovpn.ru,22
swe.skytunnel.pw,2
swe2.skytunnel.pw,8
switcher-nick-croquet.freesocks.work,3
tbankru.outlinekeys.net,53
tencentapp.880517.xyz,8
test123.skycon808.com,9
th.fastcokeasdasd.com,10
th.fastsoonlink.com,11
tj-hk-1.aikunapp.com,10
tj-jp-1.aikunapp.com,10
tj-us-1.aikunapp.com,10
tokyo01.zgjok.com,33
tr.gpairnetwork369.de,19
tr.thepon.xyz,1
tr.xn--9kqx4sc0n.shop,92
tr.xn--gmq00sc0nuve.shop,163
trial.axo.foundation,11
trunker.cc,20
tsv10.pgfree.fun,2
tttyder.wsone.icu,19
tun.thuglife.ir,8
tunnel1.qqa678.com,17
tunnel2.qqa678.com,52
tuntro000.instconn.com,35
tuntro003.instconn.com,24
tuntro006.instconn.com,24
tur.fastsoonlink.com,11
turk.mahfan.xyz,8
turkiye.torprospeed.ir,20
turkye.armanstore2.sbs,2
tw.fastcokeasdasd.com,30
tw.oomz.ru,50
tw1.dexlos.com,9
tw2.dexlos.com,9
tw2.jueduibupao.top,37
u13-unlim.standalonemsnew.cam,3
uk-1.fishchipsexpress.com,11
uk1.miyazono-kaori.com,40
uk2.oomz.ru,160
unamecf.xn--ghqu5fm27b67w.com,10
updates.kermanshahi.org,48
upload.ir,1
us.catconnect.ru,1
us.sepshoping.de,13
us.svdualvpn.ru,3
us.svnmobile.com,2
us.xn--9kqy68chx3a.shop,41
us.xn--gmq00sc0nuve.shop,160
us01-gmn-vlr01.tcp-reset-club.net,1
us01-vlr01-gmn03.vpnvezdehod.net,19
us1.kaixincloud.top,20
us1.miyazono-kaori.com,23
us1.opensocks.site,42
us10.miyazono-kaori.com,10
us11.588878.xyz,92
us11.miyazono-kaori.com,23
us12.miyazono-kaori.com,21
us2.dexlos.com,16
us2.krasivogame.ru,10
us2.miyazono-kaori.com,23
us3.dexlos.com,9
us4.dexlos.com,7
us5.dexlos.com,7
us6.dexlos.com,16
us7.candyfans.win,2
us7.dexlos.com,9
us8.dexlos.com,16
us9.dexlos.com,9
usa99.unlockspace.org,3
usaa.fastlynew.hosting-ip.com,5
usaka.osaip.net,4
v1.dabache.top,20
v10.hdacd.com,466
v12.hdacd.com,33
v1dytv.lalakw.com,32
v2.dabache.top,31
v24.hdacd.com,11
v2ngfast.gatesriver.ir,2
v2ngnet.gatesriver.ir,3
v3.dabache.top,31
v33.hdacd.com,12
v35.hdacd.com,38
v4.hdacd.com,63
v6.hdacd.com,20
v8.hdacd.com,36
v9.hdacd.com,45
valper.movementvip.ir,8
vd3.outlinevpn.cc,8
velsanto.online,2
verahk1.uspn.io,4
verasskz1.uspn.io,6
vip1.kaixincloud.top,28
vip2.kaixincloud.top,31
vip3.kaixincloud.top,41
vk.ookcdn.ru,18
vkll.takovpn.ru,41
vm1.as7akp.cn,40
vn.fastcokeasdasd.com,10
vn.fastsoonlink.com,11
vpn.zorixvpn.site,14
w10.luoli.de,9
w12.luoli.de,9
world-of.ru,2
www.aapanel.com,9
www.calmlunch.com,48
www.ccgfw.top,55
www.check-host.net,5
www.epicgames.com,20
www.fbi.gov,29
www.garuda-indonesia.com,11
www.gco.gov.qa,41
www.gov.se,16
www.npmjs.com,29
www.ntu.edu.sg,11
www.perplexity.ai,17
www.shopify.com,41
www.speedtest.net,42
www.temu.com,20
www.udacity.com,11
www.udemy.com,66
www.visa.cn,23
www.visa.com.hk,7
www.whatismyip.net,30
www.wto.org,30
x.mr-pinkman.blue,7
xg1.mangshe.xyz,37
xiaozhu.gisorty.cn,88
xiaozhu1.kkieo555.cn,33
xjp.kaixincloud.top,28
xjp1.mangshe.xyz,50
xjp2.mangshe.xyz,129
xyhk34994.mggl.wang,9
yapc-1.adamhayward.co.uk,535
yg.dabache.top,14
yg.kaixincloud.top,20
yg2g.jiedian242.com,41
yn2.nezhasu.com,28
yoyo-fl.bing-net.com,2
yt-noads.sbrf-cdn342.ru,11
z-eu1.2513142.xyz,136
z-eu2.2513142.xyz,152
z-sg1.2513142.xyz,72
z-sg2.2513142.xyz,72
z-us2.2513142.xyz,16
zahedan.dns-dynamic.net,3
zemeston.cringeworld.ir,2
zp1.eyucdn.xyz,37
zula.ir,32
zz.9966663.xyz,16
